alpha,beta,noise_step,radgraph_e_mean,num_rows,radgraph_er_mean,radgraph_er_count,radgraph_bar_er_mean,radgraph_bar_er_count
1.25,0.05,100,0.06768289502380472,50,0.06453224980967855,50,0.05283976440338959,50
1.25,0.4,900,0.06642021298836182,50,0.06430642936094243,50,0.05271333722226171,50
0.5,0.3,250,0.0660365105766089,50,0.06414789744804424,50,0.05479638751646342,50
1.25,0.3,900,0.06601826563904604,50,0.06406795868647855,50,0.05202443536692112,50
1.25,0.05,250,0.06580835381165323,50,0.06386604676619355,50,0.051509594777039105,50
0.75,0.05,250,0.0671264872665856,50,0.06367613217627896,50,0.05125624345000356,50
1.0,0.05,250,0.0671264872665856,50,0.06367613217627896,50,0.05125624345000356,50
0.5,0.2,100,0.06548696752706586,50,0.06353787566155186,50,0.050812706310814255,50
0.5,0.1,100,0.06548696752706586,50,0.06353787566155186,50,0.050844452342560284,50
0.5,0.05,100,0.06548696752706586,50,0.06353787566155186,50,0.050844452342560284,50
1.25,0.3,100,0.06527124472468639,50,0.06332939290934265,50,0.05170856499415814,50
0.5,0.4,100,0.06494140117715168,50,0.06322922722502619,50,0.05214741944568474,50
0.5,0.2,250,0.0648243893644877,50,0.06293577623592302,50,0.053743755937516055,50
0.5,0.1,250,0.0648243893644877,50,0.06293577623592302,50,0.053743755937516055,50
0.5,0.4,250,0.06479854403429454,50,0.06288637008216905,50,0.05376899786726317,50
1.5,0.1,100,0.06482592193153751,50,0.06283149766267894,50,0.050803768036729605,50
1.5,0.2,100,0.06464735050296606,50,0.06270218731785135,50,0.05191487914784072,50
1.5,0.3,100,0.06464735050296606,50,0.06270218731785135,50,0.05191487914784072,50
0.75,0.2,250,0.06449105603115436,50,0.06263101433116111,50,0.053464035657795776,50
1.0,0.2,250,0.06449105603115436,50,0.06263101433116111,50,0.053464035657795776,50
1.0,0.3,250,0.06449105603115436,50,0.06263101433116111,50,0.053464035657795776,50
1.0,0.1,250,0.06449105603115436,50,0.06263101433116111,50,0.053464035657795776,50
0.75,0.3,250,0.06449105603115436,50,0.06263101433116111,50,0.053464035657795776,50
0.75,0.1,250,0.06449105603115436,50,0.06263101433116111,50,0.053464035657795776,50
1.25,0.1,100,0.06440167950729508,50,0.06247741575484449,50,0.05102955978883715,50
1.0,0.4,250,0.06433700557275608,50,0.062463089658888624,50,0.05333012639390893,50
0.75,0.4,250,0.06433700557275608,50,0.062463089658888624,50,0.05333012639390893,50
1.25,0.2,250,0.06438167652177486,50,0.062331751431898216,50,0.050375040442484774,50
1.25,0.1,250,0.06438167652177486,50,0.062331751431898216,50,0.050375040442484774,50
1.0,0.3,500,0.06421329641472198,50,0.062219420128262565,50,0.05364801174611969,50
1.5,0.4,900,0.06534145548855168,50,0.062156709799458164,50,0.05064228120383727,50
1.25,0.2,100,0.06405912351256517,50,0.06211727169722145,50,0.05065593341521077,50
1.0,0.4,500,0.06435770950650349,50,0.062057292557439345,50,0.053707070100987575,50
0.75,0.05,100,0.06400548604558437,50,0.06205639418007038,50,0.04951111900922696,50
1.0,0.2,100,0.06400548604558437,50,0.06205639418007038,50,0.04947937297748092,50
0.75,0.2,100,0.06400548604558437,50,0.06205639418007038,50,0.04947937297748092,50
0.75,0.1,100,0.06400548604558437,50,0.06205639418007038,50,0.04951111900922696,50
1.0,0.1,100,0.06400548604558437,50,0.06205639418007038,50,0.04951111900922696,50
1.0,0.05,100,0.06400548604558437,50,0.06205639418007038,50,0.04951111900922696,50
0.5,0.05,250,0.0637713590614574,50,0.061940105240252036,50,0.052733654927415045,50
0.75,0.4,100,0.06360806784381834,50,0.06189589389169285,50,0.050935298233563533,50
1.0,0.4,100,0.06360806784381834,50,0.06189589389169285,50,0.050935298233563533,50
1.0,0.4,750,0.06500478373422287,50,0.06174526627074708,50,0.05072385042211572,50
1.25,0.3,750,0.06349614366429249,50,0.061651099869619724,50,0.04889847772489956,50
1.5,0.2,900,0.06336466193281075,50,0.06134020763392216,50,0.050867072262189596,50
1.25,0.3,250,0.06338167652177484,50,0.06133175143189822,50,0.050375040442484774,50
1.5,0.3,750,0.06324786838153444,50,0.06131902251626578,50,0.04848979484404531,50
1.25,0.2,900,0.06325636087714127,50,0.06129980359351811,50,0.05069687403935979,50
0.5,0.3,100,0.06298696752706585,50,0.06118493448508128,50,0.049701595199703144,50
0.75,0.4,500,0.06339067653947052,50,0.061147239647386435,50,0.05268429577386542,50
1.25,0.4,500,0.06345960566103122,50,0.06105392555407234,50,0.05288832970160201,50
1.5,0.4,500,0.06345960566103122,50,0.06105392555407234,50,0.05288832970160201,50
1.5,0.3,900,0.06303971162600927,50,0.06104342766194752,50,0.049195058001940045,50
1.5,0.05,100,0.06408999119560677,50,0.060998806869659826,50,0.04984268837999777,50
0.75,0.3,100,0.06271760725770559,50,0.060915574215721004,50,0.04942089344531718,50
1.0,0.3,100,0.06271760725770559,50,0.060915574215721004,50,0.04942089344531718,50
1.0,0.05,500,0.06657878370349865,50,0.060820409504361544,50,0.04965791104634157,50
0.5,0.05,900,0.06268195663381966,50,0.0608145641147109,50,0.04951111900922696,50
0.5,0.3,500,0.0625726797214737,50,0.06068406659290903,50,0.04918965350972941,50
0.75,0.3,500,0.06266351286493843,50,0.06066963657847902,50,0.05204823936831527,50
1.0,0.2,500,0.06490115470659749,50,0.0605667590638368,50,0.05197169256980051,50
0.75,0.05,500,0.06382440883527178,50,0.060418975812605275,50,0.04920484928893199,50
1.25,0.4,250,0.06234547118122168,50,0.060415005210804174,50,0.04952542108224267,50
1.5,0.3,500,0.06239511459654015,50,0.06040123831008075,50,0.051981345079453026,50
1.25,0.3,500,0.06239511459654015,50,0.06040123831008075,50,0.051981345079453026,50
1.5,0.2,250,0.06238167652177485,50,0.060331751431898215,50,0.0487083737758181,50
1.5,0.1,250,0.06238167652177485,50,0.060331751431898215,50,0.0487083737758181,50
1.25,0.4,100,0.06201335884910935,50,0.06020448820028716,50,0.048869555713491636,50
1.5,0.4,100,0.06217899031908865,50,0.06018023628038307,50,0.04953544265306279,50
0.5,0.4,500,0.0617964736409198,50,0.060017633022127634,50,0.049392278290543594,50
1.0,0.3,750,0.061611230179379,50,0.05976618638470625,50,0.049522867968802,50
0.5,0.1,900,0.06483881937891771,50,0.0597034530035998,50,0.048368261866369805,50
1.0,0.05,750,0.06297337418407978,50,0.05969953792428693,50,0.04675299283367587,50
0.75,0.1,500,0.06157260377402934,50,0.059571367358767675,50,0.05099560778936791,50
1.5,0.05,750,0.06434506591321473,50,0.059557277885475164,50,0.0471569415665718,50
1.5,0.05,250,0.06127894204694735,50,0.05943747533762212,50,0.04873181699926133,50
1.0,0.2,750,0.06125350660214323,50,0.0593789836726982,50,0.049028639974574004,50
1.5,0.3,250,0.061381676521774856,50,0.05933175143189822,50,0.0487083737758181,50
1.25,0.4,750,0.061010689178838,50,0.05907006572457879,50,0.04763507635269649,50
1.5,0.4,750,0.061010689178838,50,0.05907006572457879,50,0.04763507635269649,50
1.25,0.05,500,0.06240766070884624,50,0.05900222768617973,50,0.047991244379674905,50
1.5,0.2,500,0.06308297288841568,50,0.05874857724565498,50,0.05030502590313384,50
1.25,0.2,500,0.06073003171194508,50,0.05874857724565498,50,0.05030502590313384,50
1.5,0.4,250,0.06060634074643907,50,0.05867587477602156,50,0.04804393960076119,50
1.5,0.2,750,0.0605267074753441,50,0.05863003615165765,50,0.04791320056997204,50
1.25,0.2,750,0.06052329625242068,50,0.058603396125017616,50,0.04824496650518625,50
0.75,0.4,900,0.06039067653947052,50,0.058583264492106935,50,0.048190517088782386,50
1.25,0.05,750,0.061834653645359235,50,0.058560817385566385,50,0.04515299283367587,50
1.0,0.1,500,0.0628581439539093,50,0.05852374831114862,50,0.05011984071794866,50
0.5,0.4,900,0.06012980697425313,50,0.05841763302212764,50,0.04785381675208205,50
0.75,0.2,500,0.060239270440696,50,0.058281044778122515,50,0.04991452670828682,50
1.25,0.05,900,0.05996777653592535,50,0.05795896987540245,50,0.04861319090355136,50
1.0,0.4,900,0.05984349341164223,50,0.057874298528811596,50,0.05072385042211572,50
1.0,0.3,900,0.059627288195437014,50,0.05778224440076426,50,0.05002443536692112,50
1.0,0.1,750,0.062188571537208165,50,0.0576966430248403,50,0.047513488459422486,50
0.5,0.2,750,0.05966358881238279,50,0.05765376356260601,50,0.045782275880383826,50
0.5,0.2,900,0.059455796604590584,50,0.05760450247886216,50,0.04646325097312362,50
0.5,0.3,900,0.05936055850935249,50,0.05751551471467974,50,0.04639789149599943,50
1.0,0.2,900,0.05926956461820124,50,0.05739504168875621,50,0.049530207372693126,50
1.5,0.05,500,0.06309393521865016,50,0.057335561019513065,50,0.046324577713008235,50
0.75,0.05,750,0.060534365545228494,50,0.05728375808915225,50,0.04608690688710212,50
1.5,0.05,900,0.05924895614813945,50,0.05724014948761655,50,0.04782246088156544,50
0.5,0.05,750,0.058942826199037054,50,0.057075433679928296,50,0.04636297086107881,50
0.75,0.2,750,0.058869938018732,50,0.057018643893003575,50,0.04843294794282059,50
0.75,0.3,750,0.058774699923493906,50,0.05692965612882115,50,0.04836758846569641,50
0.5,0.1,500,0.05871986586865985,50,0.0568669033639811,50,0.045944829738589855,50
0.5,0.05,500,0.05871986586865985,50,0.0568669033639811,50,0.045944829738589855,50
0.5,0.2,500,0.05871986586865985,50,0.0568669033639811,50,0.045944829738589855,50
1.25,0.1,900,0.06136688193503075,50,0.05676067267710525,50,0.04733067577660981,50
0.5,0.4,750,0.05839067653947052,50,0.056678502587345025,50,0.04637233527060057,50
1.25,0.1,750,0.06104985099848762,50,0.056557922486119766,50,0.04591348845942249,50
0.75,0.4,750,0.05791448606328005,50,0.056068978777821216,50,0.04766757336583867,50
0.5,0.1,750,0.061099688944135096,50,0.055964322568817185,50,0.04522011371822166,50
0.75,0.2,900,0.05745579660459058,50,0.05560450247886216,50,0.04479658430645696,50
0.5,0.3,750,0.05736055850935249,50,0.05551551471467974,50,0.044731224829332776,50
0.75,0.3,900,0.05736055850935249,50,0.05551551471467974,50,0.044731224829332776,50
0.75,0.05,900,0.05723934638814037,50,0.05536804927689172,50,0.04479658430645696,50
0.75,0.1,750,0.0604716696204636,50,0.055336303245145685,50,0.046953447051555,50
1.25,0.1,500,0.057020354292590246,50,0.05503889982630015,50,0.04678650738461533,50
1.5,0.1,500,0.05937329546906083,50,0.05503889982630015,50,0.04678650738461533,50
0.75,0.1,900,0.05869389184268583,50,0.05422519213403458,50,0.04362011371822166,50
1.0,0.05,900,0.0559217412703779,50,0.05402721535541263,50,0.046891241681602136,50
1.5,0.1,750,0.05574090790905673,50,0.05393887486707214,50,0.043413488459422486,50
1.5,0.1,900,0.055335417869083935,50,0.05339587527782509,50,0.044102605601171206,50
1.0,0.1,900,0.0573208466694833,50,0.05282891815711544,50,0.045608726554660584,50
